100,Taffy,Whittaker,Taffy.Whittaker@yopmail.com,police officer
101,Shaine,Hutchison,Shaine.Hutchison@yopmail.com,police officer
102,Roslyn,Grosz,Roslyn.Grosz@yopmail.com,police officer
103,Berta,Cimbura,Berta.Cimbura@yopmail.com,developer
104,Mureil,Abbot,Mureil.Abbot@yopmail.com,firefighter
105,Pollyanna,Han,Pollyanna.Han@yopmail.com,developer
106,Elsie,Johnsson,Elsie.Johnsson@yopmail.com,doctor
107,Dianemarie,Wattenberg,Dianemarie.Wattenberg@yopmail.com,developer
108,Chloris,Weaks,Chloris.Weaks@yopmail.com,firefighter
109,Hildegaard,Stover,Hildegaard.Stover@yopmail.com,firefighter
110,Valli,Mich,Valli.Mich@yopmail.com,firefighter
111,Estell,Vastah,Estell.Vastah@yopmail.com,doctor
112,Jan,Junie,Jan.Junie@yopmail.com,worker
113,Latisha,Love,Latisha.Love@yopmail.com,firefighter
114,Dominga,Sabella,Dominga.Sabella@yopmail.com,firefighter
115,Sheelagh,Sigfrid,Sheelagh.Sigfrid@yopmail.com,doctor
116,Charmaine,Kimmie,Charmaine.Kimmie@yopmail.com,firefighter
117,Riannon,Phyllis,Riannon.Phyllis@yopmail.com,firefighter
118,Marnia,Madox,Marnia.Madox@yopmail.com,worker
119,Imojean,Kendrick,Imojean.Kendrick@yopmail.com,doctor
120,Belva,Lail,Belva.Lail@yopmail.com,firefighter
121,Brietta,Ardeha,Brietta.Ardeha@yopmail.com,police officer
122,Lusa,Dermott,Lusa.Dermott@yopmail.com,developer
123,Selia,Gale,Selia.Gale@yopmail.com,developer
124,Averyl,Peti,Averyl.Peti@yopmail.com,firefighter
125,Fanny,Libna,Fanny.Libna@yopmail.com,firefighter
126,Bertine,Pettiford,Bertine.Pettiford@yopmail.com,firefighter
127,Gusty,Boycey,Gusty.Boycey@yopmail.com,firefighter
128,Nollie,Weaks,Nollie.Weaks@yopmail.com,doctor
129,Wendi,Pitt,Wendi.Pitt@yopmail.com,police officer
130,Penelopa,Stuart,Penelopa.Stuart@yopmail.com,worker
131,Steffane,Juliet,Steffane.Juliet@yopmail.com,firefighter
132,Celisse,Cullin,Celisse.Cullin@yopmail.com,firefighter
133,Gusty,Hanleigh,Gusty.Hanleigh@yopmail.com,developer
134,Livvyy,Hanshaw,Livvyy.Hanshaw@yopmail.com,police officer
135,Merrie,Randene,Merrie.Randene@yopmail.com,doctor
136,Tamqrah,Erminia,Tamqrah.Erminia@yopmail.com,police officer
137,Anica,Chem,Anica.Chem@yopmail.com,developer
138,Almeta,Harned,Almeta.Harned@yopmail.com,developer
139,Elise,Cadmar,Elise.Cadmar@yopmail.com,police officer
140,Chandra,Richers,Chandra.Richers@yopmail.com,police officer
141,Lonnie,Wilona,Lonnie.Wilona@yopmail.com,worker
142,Brietta,Kunin,Brietta.Kunin@yopmail.com,police officer
143,Carmela,Orpah,Carmela.Orpah@yopmail.com,worker
144,Rhoda,Louanna,Rhoda.Louanna@yopmail.com,developer
145,Fanchon,Hessler,Fanchon.Hessler@yopmail.com,firefighter
146,Lonnie,Berl,Lonnie.Berl@yopmail.com,developer
147,Deirdre,Rossner,Deirdre.Rossner@yopmail.com,worker
148,Hannis,Freddi,Hannis.Freddi@yopmail.com,worker
149,Rosaline,Rillings,Rosaline.Rillings@yopmail.com,firefighter
150,Maud,Trey,Maud.Trey@yopmail.com,firefighter
151,Krystle,Donell,Krystle.Donell@yopmail.com,police officer
152,Josephine,Tjon,Josephine.Tjon@yopmail.com,developer
153,Janenna,Brenn,Janenna.Brenn@yopmail.com,police officer
154,Tera,Egbert,Tera.Egbert@yopmail.com,developer
155,Cristabel,Urania,Cristabel.Urania@yopmail.com,developer
156,Jorry,Sheng,Jorry.Sheng@yopmail.com,police officer
157,Eugine,Karylin,Eugine.Karylin@yopmail.com,police officer
158,Modestia,Palocz,Modestia.Palocz@yopmail.com,developer
159,Aurore,Mich,Aurore.Mich@yopmail.com,developer
160,Fred,Dulciana,Fred.Dulciana@yopmail.com,doctor
161,Dyann,Allare,Dyann.Allare@yopmail.com,worker
162,Elvira,Hunfredo,Elvira.Hunfredo@yopmail.com,developer
163,Raf,Pulsifer,Raf.Pulsifer@yopmail.com,firefighter
164,Tressa,Rurik,Tressa.Rurik@yopmail.com,police officer
165,Tracey,Drus,Tracey.Drus@yopmail.com,worker
166,Lisette,Schwejda,Lisette.Schwejda@yopmail.com,worker
167,Barbi,Grayce,Barbi.Grayce@yopmail.com,worker
168,Sallie,Lewes,Sallie.Lewes@yopmail.com,doctor
169,Renae,Elo,Renae.Elo@yopmail.com,developer
170,Cacilie,Loleta,Cacilie.Loleta@yopmail.com,developer
171,Molli,Burch,Molli.Burch@yopmail.com,police officer
172,Alameda,Fillbert,Alameda.Fillbert@yopmail.com,police officer
173,Drucie,Bergman,Drucie.Bergman@yopmail.com,worker
174,Jessy,Himelman,Jessy.Himelman@yopmail.com,developer
175,Clarice,Isidore,Clarice.Isidore@yopmail.com,doctor
176,Gilligan,Berl,Gilligan.Berl@yopmail.com,police officer
177,Cristabel,Luhe,Cristabel.Luhe@yopmail.com,firefighter
178,Christy,Taam,Christy.Taam@yopmail.com,worker
179,Fidelia,Chrystel,Fidelia.Chrystel@yopmail.com,firefighter
180,Jean,Bury,Jean.Bury@yopmail.com,doctor
181,Tressa,Persse,Tressa.Persse@yopmail.com,worker
182,Michaelina,Rustice,Michaelina.Rustice@yopmail.com,firefighter
183,Hollie,Tomasina,Hollie.Tomasina@yopmail.com,developer
184,Cam,Ade,Cam.Ade@yopmail.com,worker
185,Catharine,Jacinda,Catharine.Jacinda@yopmail.com,doctor
186,Korrie,Belldas,Korrie.Belldas@yopmail.com,doctor
187,Noelle,Robertson,Noelle.Robertson@yopmail.com,firefighter
188,Riannon,Eiser,Riannon.Eiser@yopmail.com,developer
189,Wendi,Prober,Wendi.Prober@yopmail.com,worker
190,Cristabel,Raychel,Cristabel.Raychel@yopmail.com,worker
191,Zsa Zsa,Vilma,Zsa Zsa.Vilma@yopmail.com,police officer
192,Kirbee,Minetta,Kirbee.Minetta@yopmail.com,firefighter
193,Brietta,Riva,Brietta.Riva@yopmail.com,police officer
194,Karly,Cullin,Karly.Cullin@yopmail.com,developer
195,Augustine,Pitt,Augustine.Pitt@yopmail.com,doctor
196,Addia,Vastah,Addia.Vastah@yopmail.com,developer
197,Vinita,Dawkins,Vinita.Dawkins@yopmail.com,worker
198,Fredericka,Bari,Fredericka.Bari@yopmail.com,developer
199,Liana,Rossner,Liana.Rossner@yopmail.com,worker
200,Cristabel,Shields,Cristabel.Shields@yopmail.com,firefighter
201,Mamie,Tillford,Mamie.Tillford@yopmail.com,worker
202,Rubie,Socha,Rubie.Socha@yopmail.com,police officer
203,Barbi,Shuler,Barbi.Shuler@yopmail.com,police officer
204,Larine,Alarise,Larine.Alarise@yopmail.com,firefighter
205,Henriette,Buckler,Henriette.Buckler@yopmail.com,worker
206,Ivett,Edison,Ivett.Edison@yopmail.com,developer
207,Maye,Read,Maye.Read@yopmail.com,police officer
208,Sibella,Skurnik,Sibella.Skurnik@yopmail.com,doctor
209,Kristina,Cavan,Kristina.Cavan@yopmail.com,doctor
210,Katleen,Tillford,Katleen.Tillford@yopmail.com,firefighter
211,Thalia,Trace,Thalia.Trace@yopmail.com,firefighter
212,Corene,Ambrosia,Corene.Ambrosia@yopmail.com,doctor
213,Farrah,Trey,Farrah.Trey@yopmail.com,police officer
214,Brana,Chrystel,Brana.Chrystel@yopmail.com,developer
215,Raf,Torray,Raf.Torray@yopmail.com,police officer
216,Lolita,Hirsch,Lolita.Hirsch@yopmail.com,worker
217,Sharlene,Glenden,Sharlene.Glenden@yopmail.com,police officer
218,Eve,Candy,Eve.Candy@yopmail.com,worker
219,Glynnis,Bevin,Glynnis.Bevin@yopmail.com,worker
220,Peri,Gerge,Peri.Gerge@yopmail.com,doctor
221,Celestyna,Stevy,Celestyna.Stevy@yopmail.com,developer
222,Karina,Bevin,Karina.Bevin@yopmail.com,police officer
223,Gusella,Gilmour,Gusella.Gilmour@yopmail.com,worker
224,Sibella,Hunfredo,Sibella.Hunfredo@yopmail.com,police officer
225,Bobbi,Hailee,Bobbi.Hailee@yopmail.com,firefighter
226,Stacey,Bahr,Stacey.Bahr@yopmail.com,firefighter
227,Aubrie,Howlyn,Aubrie.Howlyn@yopmail.com,firefighter
228,Gerianna,Prouty,Gerianna.Prouty@yopmail.com,doctor
229,Lisette,Stanwood,Lisette.Stanwood@yopmail.com,doctor
230,Kristan,Nahum,Kristan.Nahum@yopmail.com,worker
231,Giustina,Ogren,Giustina.Ogren@yopmail.com,worker
232,Charmaine,Cassius,Charmaine.Cassius@yopmail.com,firefighter
233,Clementine,Podvin,Clementine.Podvin@yopmail.com,firefighter
234,Ursulina,Sikorski,Ursulina.Sikorski@yopmail.com,firefighter
235,Tabbatha,Katrine,Tabbatha.Katrine@yopmail.com,police officer
236,Sashenka,Elsinore,Sashenka.Elsinore@yopmail.com,firefighter
237,Maryellen,Brittani,Maryellen.Brittani@yopmail.com,developer
238,Ericka,Ashok,Ericka.Ashok@yopmail.com,firefighter
239,Nananne,Cristi,Nananne.Cristi@yopmail.com,firefighter
240,Lanna,Scammon,Lanna.Scammon@yopmail.com,firefighter
241,Flory,Emmaline,Flory.Emmaline@yopmail.com,developer
242,Winny,Mike,Winny.Mike@yopmail.com,worker
243,Georgina,Cornelia,Georgina.Cornelia@yopmail.com,doctor
244,Melisent,Yerkovich,Melisent.Yerkovich@yopmail.com,worker
245,Bernardine,Cynar,Bernardine.Cynar@yopmail.com,developer
246,Bernardine,Winthorpe,Bernardine.Winthorpe@yopmail.com,worker
247,Max,Wooster,Max.Wooster@yopmail.com,doctor
248,Judy,Hunfredo,Judy.Hunfredo@yopmail.com,doctor
249,Sherrie,Rad,Sherrie.Rad@yopmail.com,doctor
250,Georgetta,Bethany,Georgetta.Bethany@yopmail.com,worker
251,Rori,Oster,Rori.Oster@yopmail.com,firefighter
252,Kathi,Wallis,Kathi.Wallis@yopmail.com,doctor
253,Jeanna,Remmer,Jeanna.Remmer@yopmail.com,police officer
254,Barbara,Yoko,Barbara.Yoko@yopmail.com,police officer
255,Christy,Shelba,Christy.Shelba@yopmail.com,doctor
256,Mariele,Neva,Mariele.Neva@yopmail.com,police officer
257,Tierney,Pelagias,Tierney.Pelagias@yopmail.com,developer
258,Tatiania,Mott,Tatiania.Mott@yopmail.com,doctor
259,Roseline,Korey,Roseline.Korey@yopmail.com,developer
260,Tera,Mott,Tera.Mott@yopmail.com,doctor
261,Zaria,Gaynor,Zaria.Gaynor@yopmail.com,developer
262,Briney,Cornelia,Briney.Cornelia@yopmail.com,doctor
263,Emma,Cullin,Emma.Cullin@yopmail.com,firefighter
264,Hermione,Kinnard,Hermione.Kinnard@yopmail.com,police officer
265,Christian,Klotz,Christian.Klotz@yopmail.com,doctor
266,Rhoda,Huggins,Rhoda.Huggins@yopmail.com,worker
267,Micheline,Armanda,Micheline.Armanda@yopmail.com,firefighter
268,Kelly,Guildroy,Kelly.Guildroy@yopmail.com,police officer
269,Marjie,Martguerita,Marjie.Martguerita@yopmail.com,developer
270,Zia,Kauppi,Zia.Kauppi@yopmail.com,police officer
271,Lizzie,Natica,Lizzie.Natica@yopmail.com,police officer
272,Wilma,Zenas,Wilma.Zenas@yopmail.com,doctor
273,Merry,Lasley,Merry.Lasley@yopmail.com,worker
274,Blinni,Lauraine,Blinni.Lauraine@yopmail.com,police officer
275,Candi,Sigfrid,Candi.Sigfrid@yopmail.com,firefighter
276,Laure,Vastah,Laure.Vastah@yopmail.com,police officer
277,Marsiella,Rillings,Marsiella.Rillings@yopmail.com,firefighter
278,Sheree,Bonilla,Sheree.Bonilla@yopmail.com,developer
279,Susan,Chick,Susan.Chick@yopmail.com,worker
280,Bill,Goth,Bill.Goth@yopmail.com,worker
281,Emma,Pettiford,Emma.Pettiford@yopmail.com,police officer
282,Cindelyn,Vary,Cindelyn.Vary@yopmail.com,doctor
283,Elmira,Oster,Elmira.Oster@yopmail.com,worker
284,Bertine,Atcliffe,Bertine.Atcliffe@yopmail.com,worker
285,Jenda,Pernick,Jenda.Pernick@yopmail.com,worker
286,Harmonia,Gwenore,Harmonia.Gwenore@yopmail.com,worker
287,Cacilie,Ruvolo,Cacilie.Ruvolo@yopmail.com,police officer
288,Millie,Freddi,Millie.Freddi@yopmail.com,developer
289,Ericka,Joeann,Ericka.Joeann@yopmail.com,firefighter
290,Gertrud,Schonfeld,Gertrud.Schonfeld@yopmail.com,developer
291,Mignon,Lunsford,Mignon.Lunsford@yopmail.com,worker
292,Stevana,Doig,Stevana.Doig@yopmail.com,firefighter
293,Ashlee,Sundin,Ashlee.Sundin@yopmail.com,worker
294,Sissy,Joli,Sissy.Joli@yopmail.com,police officer
295,Nariko,Junie,Nariko.Junie@yopmail.com,developer
296,Benita,Donoghue,Benita.Donoghue@yopmail.com,police officer
297,Mallory,Carri,Mallory.Carri@yopmail.com,police officer
298,Lorenza,Levey,Lorenza.Levey@yopmail.com,developer
299,Liana,Kevon,Liana.Kevon@yopmail.com,firefighter
300,Juliane,Billye,Juliane.Billye@yopmail.com,developer
301,Dacia,Rheingold,Dacia.Rheingold@yopmail.com,police officer
302,Wanda,Heisel,Wanda.Heisel@yopmail.com,doctor
303,Britte,Chabot,Britte.Chabot@yopmail.com,doctor
304,Stephanie,Philoo,Stephanie.Philoo@yopmail.com,developer
305,Renie,Helve,Renie.Helve@yopmail.com,worker
306,Natka,Malanie,Natka.Malanie@yopmail.com,developer
307,Carly,Gordon,Carly.Gordon@yopmail.com,police officer
308,Rozele,Michella,Rozele.Michella@yopmail.com,doctor
309,Lynea,Wilkinson,Lynea.Wilkinson@yopmail.com,police officer
310,Marylou,Braun,Marylou.Braun@yopmail.com,worker
311,Starla,Selway,Starla.Selway@yopmail.com,developer
312,Georgina,Hashim,Georgina.Hashim@yopmail.com,police officer
313,Carilyn,Roarke,Carilyn.Roarke@yopmail.com,firefighter
314,Nadine,Bates,Nadine.Bates@yopmail.com,firefighter
315,Paulita,Donell,Paulita.Donell@yopmail.com,police officer
316,Vere,Fancie,Vere.Fancie@yopmail.com,doctor
317,Cindelyn,Thema,Cindelyn.Thema@yopmail.com,developer
318,Noelle,Diogenes,Noelle.Diogenes@yopmail.com,developer
319,Elka,Lucienne,Elka.Lucienne@yopmail.com,firefighter
320,Melodie,Hutchison,Melodie.Hutchison@yopmail.com,worker
321,Alleen,Naor,Alleen.Naor@yopmail.com,doctor
322,Paule,Howlyn,Paule.Howlyn@yopmail.com,police officer
323,Amii,Vernier,Amii.Vernier@yopmail.com,police officer
324,Dolli,Emanuel,Dolli.Emanuel@yopmail.com,firefighter
325,Minda,Evvie,Minda.Evvie@yopmail.com,worker
326,Kamilah,Chandler,Kamilah.Chandler@yopmail.com,developer
327,Clarice,Ehrman,Clarice.Ehrman@yopmail.com,developer
328,Kial,Lubin,Kial.Lubin@yopmail.com,firefighter
329,Marjie,Zitvaa,Marjie.Zitvaa@yopmail.com,worker
330,Emilia,Lytton,Emilia.Lytton@yopmail.com,firefighter
331,Carolina,Letsou,Carolina.Letsou@yopmail.com,doctor
332,Brietta,Margret,Brietta.Margret@yopmail.com,police officer
333,Iseabal,Sinegold,Iseabal.Sinegold@yopmail.com,firefighter
334,Christian,Arne,Christian.Arne@yopmail.com,worker
335,Jolyn,Kesley,Jolyn.Kesley@yopmail.com,police officer
336,Tiffie,Dimitris,Tiffie.Dimitris@yopmail.com,worker
337,Korrie,Eliathas,Korrie.Eliathas@yopmail.com,police officer
338,Theodora,Thad,Theodora.Thad@yopmail.com,police officer
339,Bobinette,Adamsen,Bobinette.Adamsen@yopmail.com,worker
340,Agathe,Urias,Agathe.Urias@yopmail.com,police officer
341,Konstance,Marlie,Konstance.Marlie@yopmail.com,firefighter
342,Bettine,Bebe,Bettine.Bebe@yopmail.com,firefighter
343,Zaria,Boycey,Zaria.Boycey@yopmail.com,doctor
344,Beth,Seessel,Beth.Seessel@yopmail.com,police officer
345,Joane,Ciro,Joane.Ciro@yopmail.com,worker
346,Ira,Jalbert,Ira.Jalbert@yopmail.com,doctor
347,Susette,Horan,Susette.Horan@yopmail.com,developer
348,Mariann,Sallyann,Mariann.Sallyann@yopmail.com,worker
349,Alameda,Saree,Alameda.Saree@yopmail.com,doctor
350,Aaren,Keily,Aaren.Keily@yopmail.com,developer
351,Bernie,Jena,Bernie.Jena@yopmail.com,doctor
352,Lulita,Deegan,Lulita.Deegan@yopmail.com,worker
353,Louella,Helve,Louella.Helve@yopmail.com,doctor
354,Kayla,Ammann,Kayla.Ammann@yopmail.com,doctor
355,Etta,Margarete,Etta.Margarete@yopmail.com,doctor
356,Cassondra,Rosalba,Cassondra.Rosalba@yopmail.com,developer
357,Dennie,Anyah,Dennie.Anyah@yopmail.com,firefighter
358,Charissa,Valoniah,Charissa.Valoniah@yopmail.com,firefighter
359,Theodora,Longfellow,Theodora.Longfellow@yopmail.com,worker
360,Donetta,Tybald,Donetta.Tybald@yopmail.com,firefighter
361,Adele,Hamil,Adele.Hamil@yopmail.com,doctor
362,Rayna,Pettiford,Rayna.Pettiford@yopmail.com,doctor
363,Mahalia,Francene,Mahalia.Francene@yopmail.com,worker
364,Rosene,Andrel,Rosene.Andrel@yopmail.com,doctor
365,Marita,Neva,Marita.Neva@yopmail.com,police officer
366,Fernande,Wyn,Fernande.Wyn@yopmail.com,worker
367,Albertina,Graig,Albertina.Graig@yopmail.com,doctor
368,Carilyn,Korey,Carilyn.Korey@yopmail.com,developer
369,Sybille,Eachern,Sybille.Eachern@yopmail.com,police officer
370,Lacie,Ade,Lacie.Ade@yopmail.com,worker
371,Jessamyn,Clara,Jessamyn.Clara@yopmail.com,police officer
372,Ulrike,Ellerey,Ulrike.Ellerey@yopmail.com,doctor
373,Judy,Colleen,Judy.Colleen@yopmail.com,firefighter
374,Meg,Philipp,Meg.Philipp@yopmail.com,doctor
375,Josephine,Slifka,Josephine.Slifka@yopmail.com,doctor
376,Hermione,Grimbly,Hermione.Grimbly@yopmail.com,worker
377,Angelique,Fosque,Angelique.Fosque@yopmail.com,firefighter
378,Corly,Gaynor,Corly.Gaynor@yopmail.com,firefighter
379,Brandise,Bethany,Brandise.Bethany@yopmail.com,doctor
380,Ellette,Miru,Ellette.Miru@yopmail.com,police officer
381,Jacquetta,Nance,Jacquetta.Nance@yopmail.com,police officer
382,Bertine,Yorick,Bertine.Yorick@yopmail.com,police officer
383,Brooks,Arne,Brooks.Arne@yopmail.com,developer
384,Taffy,Truc,Taffy.Truc@yopmail.com,doctor
385,Marline,Bivins,Marline.Bivins@yopmail.com,police officer
386,Lyssa,Glovsky,Lyssa.Glovsky@yopmail.com,police officer
387,Patricia,Bluh,Patricia.Bluh@yopmail.com,developer
388,Leeanne,Giff,Leeanne.Giff@yopmail.com,police officer
389,Margette,Ellerey,Margette.Ellerey@yopmail.com,developer
390,Zaria,Winthorpe,Zaria.Winthorpe@yopmail.com,developer
391,Minne,Hieronymus,Minne.Hieronymus@yopmail.com,developer
392,Flo,Publia,Flo.Publia@yopmail.com,worker
393,Vevay,Damarra,Vevay.Damarra@yopmail.com,developer
394,Trixi,Monk,Trixi.Monk@yopmail.com,police officer
395,Julieta,Raul,Julieta.Raul@yopmail.com,firefighter
396,Tami,Wadell,Tami.Wadell@yopmail.com,doctor
397,Orelia,Erich,Orelia.Erich@yopmail.com,police officer
398,Di,Kunin,Di.Kunin@yopmail.com,police officer
399,Maurene,Daegal,Maurene.Daegal@yopmail.com,firefighter
400,Joelly,Toffic,Joelly.Toffic@yopmail.com,police officer
401,Marcelline,Janene,Marcelline.Janene@yopmail.com,firefighter
402,Rani,Lilybelle,Rani.Lilybelle@yopmail.com,developer
403,Darci,Yerkovich,Darci.Yerkovich@yopmail.com,firefighter
404,Janey,Kendrick,Janey.Kendrick@yopmail.com,developer
405,Hildegaard,Eben,Hildegaard.Eben@yopmail.com,police officer
406,Oona,Hoban,Oona.Hoban@yopmail.com,worker
407,Rosabelle,Niccolo,Rosabelle.Niccolo@yopmail.com,developer
408,Emelina,Sharl,Emelina.Sharl@yopmail.com,firefighter
409,Flo,Ramona,Flo.Ramona@yopmail.com,worker
410,Ronna,Milson,Ronna.Milson@yopmail.com,developer
411,Charmaine,Faust,Charmaine.Faust@yopmail.com,worker
412,Candi,Gemini,Candi.Gemini@yopmail.com,worker
413,Lynnea,Glenden,Lynnea.Glenden@yopmail.com,doctor
414,Dolli,Berne,Dolli.Berne@yopmail.com,worker
415,Kayla,Colleen,Kayla.Colleen@yopmail.com,developer
416,Krystle,Stefa,Krystle.Stefa@yopmail.com,developer
417,Brana,Salchunas,Brana.Salchunas@yopmail.com,firefighter
418,Valeda,Niles,Valeda.Niles@yopmail.com,firefighter
419,Myrtice,Kamaria,Myrtice.Kamaria@yopmail.com,worker
420,Dulcinea,Kirbee,Dulcinea.Kirbee@yopmail.com,developer
421,Roberta,Chesna,Roberta.Chesna@yopmail.com,police officer
422,Lila,Sprage,Lila.Sprage@yopmail.com,firefighter
423,Ketti,Korey,Ketti.Korey@yopmail.com,firefighter
424,Susette,Edmund,Susette.Edmund@yopmail.com,worker
425,Winny,Cimbura,Winny.Cimbura@yopmail.com,firefighter
426,Fayre,Publia,Fayre.Publia@yopmail.com,police officer
427,Dode,Belanger,Dode.Belanger@yopmail.com,worker
428,Sashenka,Giule,Sashenka.Giule@yopmail.com,police officer
429,Violet,Saree,Violet.Saree@yopmail.com,doctor
430,Johna,Cordi,Johna.Cordi@yopmail.com,firefighter
431,Marcelline,Deegan,Marcelline.Deegan@yopmail.com,firefighter
432,Dione,Pyle,Dione.Pyle@yopmail.com,doctor
433,Rozele,Emmy,Rozele.Emmy@yopmail.com,doctor
434,Vonny,Chauncey,Vonny.Chauncey@yopmail.com,developer
435,Patricia,Alisia,Patricia.Alisia@yopmail.com,firefighter
436,Beth,Si,Beth.Si@yopmail.com,police officer
437,Edith,Carri,Edith.Carri@yopmail.com,doctor
438,Ginnie,Gabrielli,Ginnie.Gabrielli@yopmail.com,developer
439,Alia,Poll,Alia.Poll@yopmail.com,worker
440,Lucille,Phaidra,Lucille.Phaidra@yopmail.com,developer
441,Ofilia,Bearnard,Ofilia.Bearnard@yopmail.com,worker
442,Lulita,Sprage,Lulita.Sprage@yopmail.com,doctor
443,Teddie,Kirstin,Teddie.Kirstin@yopmail.com,developer
444,Gabriellia,Charity,Gabriellia.Charity@yopmail.com,developer
445,Mary,Goth,Mary.Goth@yopmail.com,police officer
446,Bobinette,Olin,Bobinette.Olin@yopmail.com,worker
447,Romona,Bow,Romona.Bow@yopmail.com,worker
448,Konstance,Paton,Konstance.Paton@yopmail.com,developer
449,Bobbi,Cosenza,Bobbi.Cosenza@yopmail.com,developer
450,Alisha,Lindemann,Alisha.Lindemann@yopmail.com,doctor
451,Amii,Erb,Amii.Erb@yopmail.com,worker
452,Wilma,Juan,Wilma.Juan@yopmail.com,developer
453,Juliane,Allina,Juliane.Allina@yopmail.com,doctor
454,Giustina,Juan,Giustina.Juan@yopmail.com,firefighter
455,Marcy,Jorgan,Marcy.Jorgan@yopmail.com,doctor
456,Vita,Ashok,Vita.Ashok@yopmail.com,developer
457,Miquela,Amasa,Miquela.Amasa@yopmail.com,doctor
458,Ermengarde,Egbert,Ermengarde.Egbert@yopmail.com,police officer
459,Hope,Kevon,Hope.Kevon@yopmail.com,doctor
460,Amelia,McCutcheon,Amelia.McCutcheon@yopmail.com,doctor
461,Hyacinthe,Cressida,Hyacinthe.Cressida@yopmail.com,firefighter
462,Bee,Goddard,Bee.Goddard@yopmail.com,doctor
463,Margalo,Fairweather,Margalo.Fairweather@yopmail.com,doctor
464,Tiffie,Fennessy,Tiffie.Fennessy@yopmail.com,doctor
465,Elfreda,Fennessy,Elfreda.Fennessy@yopmail.com,developer
466,Shirlee,Craggie,Shirlee.Craggie@yopmail.com,worker
467,Lacie,Zola,Lacie.Zola@yopmail.com,worker
468,Grier,Gibbeon,Grier.Gibbeon@yopmail.com,police officer
469,Wendi,Huggins,Wendi.Huggins@yopmail.com,doctor
470,Hallie,Norrie,Hallie.Norrie@yopmail.com,firefighter
471,Anallese,Pernick,Anallese.Pernick@yopmail.com,doctor
472,Ninnetta,Rillings,Ninnetta.Rillings@yopmail.com,developer
473,Marleah,Ader,Marleah.Ader@yopmail.com,firefighter
474,Marita,Connelly,Marita.Connelly@yopmail.com,worker
475,Ginnie,Mallon,Ginnie.Mallon@yopmail.com,worker
476,Aubrie,Bluh,Aubrie.Bluh@yopmail.com,doctor
477,Kaja,Dalli,Kaja.Dalli@yopmail.com,worker
478,Ariela,Hylan,Ariela.Hylan@yopmail.com,worker
479,Edee,Zola,Edee.Zola@yopmail.com,firefighter
480,Anthia,Alejoa,Anthia.Alejoa@yopmail.com,worker
481,Sibella,Wildermuth,Sibella.Wildermuth@yopmail.com,worker
482,Paola,Gahl,Paola.Gahl@yopmail.com,worker
483,Viviene,LaRue,Viviene.LaRue@yopmail.com,worker
484,Annaliese,Pacorro,Annaliese.Pacorro@yopmail.com,police officer
485,Raquela,Krystle,Raquela.Krystle@yopmail.com,doctor
486,Raquela,Rocray,Raquela.Rocray@yopmail.com,doctor
487,Jessy,Anyah,Jessy.Anyah@yopmail.com,worker
488,Albertina,Dawkins,Albertina.Dawkins@yopmail.com,doctor
489,Adriana,Margarete,Adriana.Margarete@yopmail.com,firefighter
490,Ermengarde,Maiah,Ermengarde.Maiah@yopmail.com,developer
491,Brena,Prober,Brena.Prober@yopmail.com,worker
492,Dode,Shama,Dode.Shama@yopmail.com,doctor
493,Kaja,Imelida,Kaja.Imelida@yopmail.com,worker
494,Caritta,Curren,Caritta.Curren@yopmail.com,firefighter
495,Millie,Emmaline,Millie.Emmaline@yopmail.com,police officer
496,Gabriellia,Bord,Gabriellia.Bord@yopmail.com,worker
497,Paule,Ariella,Paule.Ariella@yopmail.com,firefighter
498,Gianina,Deny,Gianina.Deny@yopmail.com,police officer
499,Marnia,Iphlgenia,Marnia.Iphlgenia@yopmail.com,police officer
500,Kristina,Bivins,Kristina.Bivins@yopmail.com,developer
501,Jessamyn,Weinreb,Jessamyn.Weinreb@yopmail.com,police officer
502,Tressa,Bennie,Tressa.Bennie@yopmail.com,firefighter
503,Dianemarie,Bates,Dianemarie.Bates@yopmail.com,worker
504,Carree,Loleta,Carree.Loleta@yopmail.com,developer
505,Sidoney,Borrell,Sidoney.Borrell@yopmail.com,doctor
506,Dede,Ciro,Dede.Ciro@yopmail.com,doctor
507,Imojean,Borrell,Imojean.Borrell@yopmail.com,developer
508,Tera,Dituri,Tera.Dituri@yopmail.com,developer
509,Donnie,Sothena,Donnie.Sothena@yopmail.com,worker
510,Jacenta,Gwenore,Jacenta.Gwenore@yopmail.com,police officer
511,Chrystel,McCutcheon,Chrystel.McCutcheon@yopmail.com,firefighter
512,Kristina,Serilda,Kristina.Serilda@yopmail.com,developer
513,Ardeen,Lilybelle,Ardeen.Lilybelle@yopmail.com,developer
514,Mignon,Ummersen,Mignon.Ummersen@yopmail.com,doctor
515,Georgina,Mozelle,Georgina.Mozelle@yopmail.com,developer
516,Bernardine,Raychel,Bernardine.Raychel@yopmail.com,police officer
517,Marcelline,Longfellow,Marcelline.Longfellow@yopmail.com,firefighter
518,Deloria,Cullin,Deloria.Cullin@yopmail.com,developer
519,Dorice,Orpah,Dorice.Orpah@yopmail.com,worker
520,Jorry,Jaylene,Jorry.Jaylene@yopmail.com,police officer
521,Tiffie,Rheingold,Tiffie.Rheingold@yopmail.com,worker
522,Daphne,Felecia,Daphne.Felecia@yopmail.com,doctor
523,Edith,Joni,Edith.Joni@yopmail.com,firefighter
524,Paulita,Zachary,Paulita.Zachary@yopmail.com,firefighter
525,Tilly,Wadell,Tilly.Wadell@yopmail.com,worker
526,Anthia,Odell,Anthia.Odell@yopmail.com,developer
527,Taffy,Viddah,Taffy.Viddah@yopmail.com,police officer
528,Johna,Bibi,Johna.Bibi@yopmail.com,police officer
529,Mireielle,Dannye,Mireielle.Dannye@yopmail.com,doctor
530,Darlleen,Jerald,Darlleen.Jerald@yopmail.com,doctor
531,Angela,Chapland,Angela.Chapland@yopmail.com,police officer
532,Cyndie,Dudley,Cyndie.Dudley@yopmail.com,worker
533,Trixi,Buckler,Trixi.Buckler@yopmail.com,firefighter
534,Riannon,O'Carroll,Riannon.O'Carroll@yopmail.com,doctor
535,Carmencita,Aurelio,Carmencita.Aurelio@yopmail.com,firefighter
536,Allis,Cecile,Allis.Cecile@yopmail.com,police officer
537,Ida,Fulmer,Ida.Fulmer@yopmail.com,developer
538,Valera,Kiersten,Valera.Kiersten@yopmail.com,doctor
539,Siana,Esmaria,Siana.Esmaria@yopmail.com,police officer
540,Cathyleen,Chabot,Cathyleen.Chabot@yopmail.com,developer
541,Olwen,Pillsbury,Olwen.Pillsbury@yopmail.com,police officer
542,Janis,Romelda,Janis.Romelda@yopmail.com,worker
543,Cassandra,Destinee,Cassandra.Destinee@yopmail.com,police officer
544,Janeczka,Raseda,Janeczka.Raseda@yopmail.com,police officer
545,Ana,Auberbach,Ana.Auberbach@yopmail.com,worker
546,June,Jaylene,June.Jaylene@yopmail.com,developer
547,Max,Sinegold,Max.Sinegold@yopmail.com,developer
548,Dagmar,Gamaliel,Dagmar.Gamaliel@yopmail.com,doctor
549,Nanete,Ochs,Nanete.Ochs@yopmail.com,police officer
550,Nannie,Sigfrid,Nannie.Sigfrid@yopmail.com,developer
551,Britni,Bendick,Britni.Bendick@yopmail.com,police officer
552,Gabriellia,Johanna,Gabriellia.Johanna@yopmail.com,doctor
553,Edith,Weitman,Edith.Weitman@yopmail.com,police officer
554,Silvana,Esmaria,Silvana.Esmaria@yopmail.com,worker
555,Ericka,Orlene,Ericka.Orlene@yopmail.com,firefighter
556,Arlina,Kat,Arlina.Kat@yopmail.com,developer
557,Kamilah,Stelle,Kamilah.Stelle@yopmail.com,police officer
558,Adelle,Greenwald,Adelle.Greenwald@yopmail.com,firefighter
559,Ericka,Campball,Ericka.Campball@yopmail.com,developer
560,Edee,Vharat,Edee.Vharat@yopmail.com,worker
561,Suzette,Emerson,Suzette.Emerson@yopmail.com,police officer
562,Sabina,Standing,Sabina.Standing@yopmail.com,developer
563,Susan,Dorcy,Susan.Dorcy@yopmail.com,police officer
564,Glenda,Ader,Glenda.Ader@yopmail.com,developer
565,Rhoda,Neils,Rhoda.Neils@yopmail.com,developer
566,Britte,Vorster,Britte.Vorster@yopmail.com,worker
567,Althea,Ogren,Althea.Ogren@yopmail.com,worker
568,Ursulina,Berriman,Ursulina.Berriman@yopmail.com,police officer
569,Daryl,Wilkinson,Daryl.Wilkinson@yopmail.com,worker
570,Constance,Hailee,Constance.Hailee@yopmail.com,developer
571,Kassey,Jarib,Kassey.Jarib@yopmail.com,developer
572,Helena,Loring,Helena.Loring@yopmail.com,firefighter
573,Florie,Kesley,Florie.Kesley@yopmail.com,developer
574,Rosaline,Goth,Rosaline.Goth@yopmail.com,police officer
575,Allis,Darbie,Allis.Darbie@yopmail.com,doctor
576,Lusa,Fontana,Lusa.Fontana@yopmail.com,firefighter
577,Maisey,Ajay,Maisey.Ajay@yopmail.com,developer
578,Katuscha,Rossner,Katuscha.Rossner@yopmail.com,developer
579,Marcelline,Swigart,Marcelline.Swigart@yopmail.com,police officer
580,Sherrie,Kermit,Sherrie.Kermit@yopmail.com,police officer
581,Estell,Ingra,Estell.Ingra@yopmail.com,worker
582,Kristan,Avi,Kristan.Avi@yopmail.com,developer
583,Lindie,Evangelia,Lindie.Evangelia@yopmail.com,police officer
584,Sallie,Corilla,Sallie.Corilla@yopmail.com,police officer
585,Kirbee,Seligman,Kirbee.Seligman@yopmail.com,worker
586,Andeee,Bultman,Andeee.Bultman@yopmail.com,developer
587,Mireielle,Pozzy,Mireielle.Pozzy@yopmail.com,firefighter
588,Phylis,Pelagias,Phylis.Pelagias@yopmail.com,doctor
589,Sean,Amethist,Sean.Amethist@yopmail.com,doctor
590,Winifred,Behre,Winifred.Behre@yopmail.com,worker
591,Daune,Shields,Daune.Shields@yopmail.com,police officer
592,Laure,Israeli,Laure.Israeli@yopmail.com,police officer
593,Lesly,Zamora,Lesly.Zamora@yopmail.com,developer
594,Millie,Tybald,Millie.Tybald@yopmail.com,firefighter
595,Ardeen,Sabella,Ardeen.Sabella@yopmail.com,developer
596,Taffy,Diann,Taffy.Diann@yopmail.com,firefighter
597,Mireielle,Ivens,Mireielle.Ivens@yopmail.com,worker
598,Cindelyn,Faria,Cindelyn.Faria@yopmail.com,developer
599,Aimil,Hylan,Aimil.Hylan@yopmail.com,firefighter
600,Elbertina,Pillsbury,Elbertina.Pillsbury@yopmail.com,developer
601,Marinna,Amand,Marinna.Amand@yopmail.com,developer
602,Lorne,Alarise,Lorne.Alarise@yopmail.com,police officer
603,Karina,Konyn,Karina.Konyn@yopmail.com,doctor
604,Allyce,Persse,Allyce.Persse@yopmail.com,police officer
605,Brietta,Dorcy,Brietta.Dorcy@yopmail.com,firefighter
606,Christian,Si,Christian.Si@yopmail.com,police officer
607,Bernie,Engdahl,Bernie.Engdahl@yopmail.com,developer
608,Marnia,Koehler,Marnia.Koehler@yopmail.com,doctor
609,Lelah,Donell,Lelah.Donell@yopmail.com,worker
610,Edyth,Standing,Edyth.Standing@yopmail.com,developer
611,Gwyneth,Allys,Gwyneth.Allys@yopmail.com,developer
612,Carilyn,Konyn,Carilyn.Konyn@yopmail.com,doctor
613,Roseline,Ventre,Roseline.Ventre@yopmail.com,police officer
614,Dode,LaRue,Dode.LaRue@yopmail.com,doctor
615,Perry,Frendel,Perry.Frendel@yopmail.com,worker
616,Rebeca,Maribeth,Rebeca.Maribeth@yopmail.com,developer
617,Estell,Pandolfi,Estell.Pandolfi@yopmail.com,developer
618,Kassey,Caitlin,Kassey.Caitlin@yopmail.com,worker
619,Belva,Ciapas,Belva.Ciapas@yopmail.com,worker
620,Halette,Cornelia,Halette.Cornelia@yopmail.com,firefighter
621,Cyndie,Jethro,Cyndie.Jethro@yopmail.com,doctor
622,Debee,Marden,Debee.Marden@yopmail.com,police officer
623,Lacie,Ricki,Lacie.Ricki@yopmail.com,worker
624,Anica,Clara,Anica.Clara@yopmail.com,police officer
625,Cathyleen,Gamaliel,Cathyleen.Gamaliel@yopmail.com,developer
626,Tera,Sikorski,Tera.Sikorski@yopmail.com,doctor
627,Melina,Dielu,Melina.Dielu@yopmail.com,worker
628,Robbi,Nicoline,Robbi.Nicoline@yopmail.com,worker
629,Ericka,Quinn,Ericka.Quinn@yopmail.com,doctor
630,Clo,Cadmar,Clo.Cadmar@yopmail.com,developer
631,Beth,Billye,Beth.Billye@yopmail.com,developer
632,Vanessa,Olnee,Vanessa.Olnee@yopmail.com,developer
633,Peri,Leopold,Peri.Leopold@yopmail.com,worker
634,Myriam,Yorick,Myriam.Yorick@yopmail.com,developer
635,Emylee,Dorine,Emylee.Dorine@yopmail.com,doctor
636,Ezmeralda,Barbey,Ezmeralda.Barbey@yopmail.com,police officer
637,Edyth,Ackerley,Edyth.Ackerley@yopmail.com,firefighter
638,Mady,Alarise,Mady.Alarise@yopmail.com,developer
639,Mureil,Darbie,Mureil.Darbie@yopmail.com,doctor
640,Lesly,Corabella,Lesly.Corabella@yopmail.com,worker
641,Robbi,Glenden,Robbi.Glenden@yopmail.com,doctor
642,Britte,Sabella,Britte.Sabella@yopmail.com,police officer
643,Rivalee,Dorine,Rivalee.Dorine@yopmail.com,worker
644,Jacenta,Bollay,Jacenta.Bollay@yopmail.com,police officer
645,Tani,Grayce,Tani.Grayce@yopmail.com,worker
646,Gwyneth,Arvo,Gwyneth.Arvo@yopmail.com,developer
647,Betta,Sinegold,Betta.Sinegold@yopmail.com,worker
648,Aryn,McCutcheon,Aryn.McCutcheon@yopmail.com,firefighter
649,Katharina,Stuart,Katharina.Stuart@yopmail.com,firefighter
650,Marline,Ellord,Marline.Ellord@yopmail.com,firefighter
651,Roz,Screens,Roz.Screens@yopmail.com,firefighter
652,Dennie,Durante,Dennie.Durante@yopmail.com,police officer
653,Beatriz,Salvidor,Beatriz.Salvidor@yopmail.com,worker
654,Gaylene,Quent,Gaylene.Quent@yopmail.com,worker
655,Petronia,Malanie,Petronia.Malanie@yopmail.com,worker
656,Agnese,Donell,Agnese.Donell@yopmail.com,police officer
657,Quintina,Longfellow,Quintina.Longfellow@yopmail.com,police officer
658,Cecile,Hailee,Cecile.Hailee@yopmail.com,developer
659,Tiffie,Stanwood,Tiffie.Stanwood@yopmail.com,police officer
660,Barbara,Vivle,Barbara.Vivle@yopmail.com,worker
661,Nessie,Dudley,Nessie.Dudley@yopmail.com,developer
662,Adelle,Grimbly,Adelle.Grimbly@yopmail.com,doctor
663,Celene,Sophronia,Celene.Sophronia@yopmail.com,doctor
664,Merci,Lorenz,Merci.Lorenz@yopmail.com,worker
665,Dawn,Maisey,Dawn.Maisey@yopmail.com,doctor
666,Carmela,Dielu,Carmela.Dielu@yopmail.com,police officer
667,Esmeralda,Klotz,Esmeralda.Klotz@yopmail.com,developer
668,Fina,Jalbert,Fina.Jalbert@yopmail.com,developer
669,Audrie,Hollingsworth,Audrie.Hollingsworth@yopmail.com,doctor
670,Rosabelle,Corilla,Rosabelle.Corilla@yopmail.com,developer
671,Sidoney,Publia,Sidoney.Publia@yopmail.com,doctor
672,Norine,Waldron,Norine.Waldron@yopmail.com,doctor
673,Helena,Zetta,Helena.Zetta@yopmail.com,firefighter
674,Letizia,Elisha,Letizia.Elisha@yopmail.com,doctor
675,Ira,Leonard,Ira.Leonard@yopmail.com,police officer
676,Christy,Dominy,Christy.Dominy@yopmail.com,police officer
677,Lexine,Kevon,Lexine.Kevon@yopmail.com,worker
678,Leanna,Francyne,Leanna.Francyne@yopmail.com,developer
679,Norine,Audly,Norine.Audly@yopmail.com,developer
680,Gwenneth,Mehalek,Gwenneth.Mehalek@yopmail.com,police officer
681,Lonnie,Annice,Lonnie.Annice@yopmail.com,developer
682,Stephanie,Moseley,Stephanie.Moseley@yopmail.com,developer
683,Anestassia,Aurelio,Anestassia.Aurelio@yopmail.com,police officer
684,Winny,Khorma,Winny.Khorma@yopmail.com,worker
685,Ketti,Tjon,Ketti.Tjon@yopmail.com,doctor
686,Jaime,Ingra,Jaime.Ingra@yopmail.com,police officer
687,Sara-Ann,Parsaye,Sara-Ann.Parsaye@yopmail.com,developer
688,Netty,Marcellus,Netty.Marcellus@yopmail.com,developer
689,Hannis,Belldas,Hannis.Belldas@yopmail.com,worker
690,Antonietta,Trinetta,Antonietta.Trinetta@yopmail.com,doctor
691,Jobi,Jaylene,Jobi.Jaylene@yopmail.com,doctor
692,Lucy,Posner,Lucy.Posner@yopmail.com,worker
693,Chere,Terrence,Chere.Terrence@yopmail.com,firefighter
694,Hettie,Thilda,Hettie.Thilda@yopmail.com,police officer
695,Linzy,Munn,Linzy.Munn@yopmail.com,police officer
696,Cathyleen,Gaynor,Cathyleen.Gaynor@yopmail.com,worker
697,Jeanna,Devlen,Jeanna.Devlen@yopmail.com,worker
698,Valeda,Monk,Valeda.Monk@yopmail.com,police officer
699,Heida,Drus,Heida.Drus@yopmail.com,doctor
700,Augustine,Sparhawk,Augustine.Sparhawk@yopmail.com,worker
701,Latisha,Gavrila,Latisha.Gavrila@yopmail.com,developer
702,Wendi,Seumas,Wendi.Seumas@yopmail.com,police officer
703,Pamella,Tayib,Pamella.Tayib@yopmail.com,worker
704,Darci,Sabella,Darci.Sabella@yopmail.com,firefighter
705,Dorothy,Fiann,Dorothy.Fiann@yopmail.com,firefighter
706,Evaleen,Nerita,Evaleen.Nerita@yopmail.com,developer
707,Ruthe,Christine,Ruthe.Christine@yopmail.com,doctor
708,Annaliese,Braun,Annaliese.Braun@yopmail.com,doctor
709,Lanna,Destinee,Lanna.Destinee@yopmail.com,worker
710,Mady,Dalli,Mady.Dalli@yopmail.com,police officer
711,Helsa,Erb,Helsa.Erb@yopmail.com,doctor
712,Kamilah,Cullin,Kamilah.Cullin@yopmail.com,police officer
713,Carmencita,Jacqui,Carmencita.Jacqui@yopmail.com,developer
714,Florie,Hepsibah,Florie.Hepsibah@yopmail.com,police officer
715,Tina,Crudden,Tina.Crudden@yopmail.com,doctor
716,Josephine,Bouchard,Josephine.Bouchard@yopmail.com,police officer
717,Letizia,Gower,Letizia.Gower@yopmail.com,firefighter
718,Nikki,Marcellus,Nikki.Marcellus@yopmail.com,worker
719,Vivia,Ietta,Vivia.Ietta@yopmail.com,developer
720,Joane,Serilda,Joane.Serilda@yopmail.com,police officer
721,Correy,Bronk,Correy.Bronk@yopmail.com,developer
722,Collen,Land,Collen.Land@yopmail.com,police officer
723,Annabela,Chapland,Annabela.Chapland@yopmail.com,worker
724,Roberta,Alrich,Roberta.Alrich@yopmail.com,firefighter
725,Kristina,Loring,Kristina.Loring@yopmail.com,police officer
726,Lorie,Dorine,Lorie.Dorine@yopmail.com,developer
727,Gratia,Sancho,Gratia.Sancho@yopmail.com,firefighter
728,Nariko,Scammon,Nariko.Scammon@yopmail.com,developer
729,Vonny,Charity,Vonny.Charity@yopmail.com,doctor
730,Mariele,Jillane,Mariele.Jillane@yopmail.com,developer
731,Flory,Louanna,Flory.Louanna@yopmail.com,worker
732,Phylis,Vacuva,Phylis.Vacuva@yopmail.com,developer
733,Rosaline,Saree,Rosaline.Saree@yopmail.com,doctor
734,Silvana,Juliet,Silvana.Juliet@yopmail.com,worker
735,Carilyn,Creamer,Carilyn.Creamer@yopmail.com,police officer
736,Sam,Poll,Sam.Poll@yopmail.com,doctor
737,Angelique,Ophelia,Angelique.Ophelia@yopmail.com,developer
738,Kassey,Lauraine,Kassey.Lauraine@yopmail.com,doctor
739,Viviene,Cohdwell,Viviene.Cohdwell@yopmail.com,worker
740,Susan,Liva,Susan.Liva@yopmail.com,firefighter
741,Yolane,Afton,Yolane.Afton@yopmail.com,developer
742,Amelia,Sasnett,Amelia.Sasnett@yopmail.com,firefighter
743,Rori,Plato,Rori.Plato@yopmail.com,worker
744,Hildegaard,Seessel,Hildegaard.Seessel@yopmail.com,police officer
745,Rozele,Cohdwell,Rozele.Cohdwell@yopmail.com,developer
746,Rosanne,Cherianne,Rosanne.Cherianne@yopmail.com,firefighter
747,Mildrid,Wallis,Mildrid.Wallis@yopmail.com,firefighter
748,Lucy,Cressida,Lucy.Cressida@yopmail.com,firefighter
749,Marika,Herrera,Marika.Herrera@yopmail.com,developer
750,Caressa,Voletta,Caressa.Voletta@yopmail.com,worker
751,Tybie,Sisile,Tybie.Sisile@yopmail.com,developer
752,Shauna,Erb,Shauna.Erb@yopmail.com,developer
753,Nollie,Lane,Nollie.Lane@yopmail.com,police officer
754,Merci,Hillel,Merci.Hillel@yopmail.com,developer
755,Bernie,Ehrman,Bernie.Ehrman@yopmail.com,doctor
756,Angelique,Hylan,Angelique.Hylan@yopmail.com,developer
757,Devina,Sekofski,Devina.Sekofski@yopmail.com,developer
758,Corina,Gordon,Corina.Gordon@yopmail.com,doctor
759,Melanie,Cecile,Melanie.Cecile@yopmail.com,firefighter
760,Carlie,Anestassia,Carlie.Anestassia@yopmail.com,police officer
761,Marnia,Willie,Marnia.Willie@yopmail.com,worker
762,Genevra,Rozanna,Genevra.Rozanna@yopmail.com,worker
763,Courtnay,Skell,Courtnay.Skell@yopmail.com,police officer
764,Sheelagh,Dawkins,Sheelagh.Dawkins@yopmail.com,doctor
765,Barbi,Melan,Barbi.Melan@yopmail.com,developer
766,Lynnea,Oster,Lynnea.Oster@yopmail.com,worker
767,Aeriela,Lorenz,Aeriela.Lorenz@yopmail.com,police officer
768,Carilyn,Corabella,Carilyn.Corabella@yopmail.com,developer
769,Vevay,Delila,Vevay.Delila@yopmail.com,worker
770,Josephine,An,Josephine.An@yopmail.com,worker
771,Libbie,Travax,Libbie.Travax@yopmail.com,worker
772,Cyndie,Schonfeld,Cyndie.Schonfeld@yopmail.com,police officer
773,Henriette,Tjon,Henriette.Tjon@yopmail.com,doctor
774,Bettine,Tjon,Bettine.Tjon@yopmail.com,firefighter
775,Nessie,Gahl,Nessie.Gahl@yopmail.com,doctor
776,Lila,Simmonds,Lila.Simmonds@yopmail.com,police officer
777,Robinia,Bord,Robinia.Bord@yopmail.com,developer
778,Correy,Arne,Correy.Arne@yopmail.com,police officer
779,Lulita,Reneta,Lulita.Reneta@yopmail.com,developer
780,Georgina,Fredi,Georgina.Fredi@yopmail.com,developer
781,Penelopa,Wallis,Penelopa.Wallis@yopmail.com,worker
782,Gabi,Ries,Gabi.Ries@yopmail.com,worker
783,Tersina,Kannry,Tersina.Kannry@yopmail.com,doctor
784,Taffy,Dorcy,Taffy.Dorcy@yopmail.com,police officer
785,Kaia,Neils,Kaia.Neils@yopmail.com,doctor
786,Britte,Hedve,Britte.Hedve@yopmail.com,police officer
787,Hallie,McGrody,Hallie.McGrody@yopmail.com,developer
788,Daune,Bettine,Daune.Bettine@yopmail.com,firefighter
789,Josephine,Grayce,Josephine.Grayce@yopmail.com,worker
790,Rozele,Aaberg,Rozele.Aaberg@yopmail.com,doctor
791,Lorie,Darian,Lorie.Darian@yopmail.com,firefighter
792,Karena,Hurley,Karena.Hurley@yopmail.com,worker
793,Brooks,Matthew,Brooks.Matthew@yopmail.com,developer
794,Mignon,Montgomery,Mignon.Montgomery@yopmail.com,worker
795,Yvonne,Viddah,Yvonne.Viddah@yopmail.com,firefighter
796,Averyl,Thornburg,Averyl.Thornburg@yopmail.com,firefighter
797,Henriette,Hunfredo,Henriette.Hunfredo@yopmail.com,police officer
798,Sissy,Wadell,Sissy.Wadell@yopmail.com,worker
799,Edith,Burnside,Edith.Burnside@yopmail.com,worker
800,Wilma,Joeann,Wilma.Joeann@yopmail.com,police officer
801,Fawne,Bonilla,Fawne.Bonilla@yopmail.com,police officer
802,Jere,Lia,Jere.Lia@yopmail.com,firefighter
803,Edyth,Freddi,Edyth.Freddi@yopmail.com,police officer
804,Vanessa,Celestine,Vanessa.Celestine@yopmail.com,firefighter
805,Merci,Nea,Merci.Nea@yopmail.com,worker
806,Starla,Kaete,Starla.Kaete@yopmail.com,police officer
807,Lindie,Kristi,Lindie.Kristi@yopmail.com,doctor
808,Corry,Hazlett,Corry.Hazlett@yopmail.com,firefighter
809,Emmey,Allare,Emmey.Allare@yopmail.com,police officer
810,Debee,Lay,Debee.Lay@yopmail.com,doctor
811,Sarette,Arquit,Sarette.Arquit@yopmail.com,police officer
812,Misha,Ovid,Misha.Ovid@yopmail.com,firefighter
813,Mariann,Ellerey,Mariann.Ellerey@yopmail.com,worker
814,Tani,Mandler,Tani.Mandler@yopmail.com,doctor
815,Luci,Johanna,Luci.Johanna@yopmail.com,police officer
816,Doro,Celestine,Doro.Celestine@yopmail.com,worker
817,Janis,Wilkinson,Janis.Wilkinson@yopmail.com,worker
818,Gerrie,Wesle,Gerrie.Wesle@yopmail.com,worker
819,Darci,Bearnard,Darci.Bearnard@yopmail.com,police officer
820,Iseabal,Warthman,Iseabal.Warthman@yopmail.com,doctor
821,Nananne,Briney,Nananne.Briney@yopmail.com,firefighter
822,Corly,Sherrie,Corly.Sherrie@yopmail.com,police officer
823,Aryn,Drisko,Aryn.Drisko@yopmail.com,doctor
824,Candi,Alexandr,Candi.Alexandr@yopmail.com,developer
825,Lily,Dom,Lily.Dom@yopmail.com,police officer
826,Deane,Morgun,Deane.Morgun@yopmail.com,worker
827,Beverley,Plato,Beverley.Plato@yopmail.com,worker
828,Bernie,Secrest,Bernie.Secrest@yopmail.com,firefighter
829,Sharlene,Aprile,Sharlene.Aprile@yopmail.com,firefighter
830,Dennie,Ursulette,Dennie.Ursulette@yopmail.com,police officer
831,Alie,Chem,Alie.Chem@yopmail.com,firefighter
832,Corina,Billye,Corina.Billye@yopmail.com,worker
833,Karena,Ilka,Karena.Ilka@yopmail.com,doctor
834,Talya,Fadiman,Talya.Fadiman@yopmail.com,firefighter
835,Max,Arathorn,Max.Arathorn@yopmail.com,doctor
836,Jan,Sisile,Jan.Sisile@yopmail.com,doctor
837,Peri,Etom,Peri.Etom@yopmail.com,doctor
838,Lynea,Liva,Lynea.Liva@yopmail.com,police officer
839,Isa,Harned,Isa.Harned@yopmail.com,police officer
840,Elbertina,Goerke,Elbertina.Goerke@yopmail.com,developer
841,Mahalia,Zitvaa,Mahalia.Zitvaa@yopmail.com,police officer
842,Laure,Schlosser,Laure.Schlosser@yopmail.com,police officer
843,Kerrin,Wesle,Kerrin.Wesle@yopmail.com,worker
844,Nataline,Carlson,Nataline.Carlson@yopmail.com,worker
845,Isa,Ledah,Isa.Ledah@yopmail.com,firefighter
846,Eugine,Lay,Eugine.Lay@yopmail.com,worker
847,Priscilla,Love,Priscilla.Love@yopmail.com,worker
848,Sindee,Zola,Sindee.Zola@yopmail.com,developer
849,Malina,Dyche,Malina.Dyche@yopmail.com,doctor
850,Charlena,Cutlerr,Charlena.Cutlerr@yopmail.com,developer
851,Eugine,Hedve,Eugine.Hedve@yopmail.com,developer
852,Kaja,Christine,Kaja.Christine@yopmail.com,worker
853,Jinny,Fitzsimmons,Jinny.Fitzsimmons@yopmail.com,doctor
854,Modestia,Lacombe,Modestia.Lacombe@yopmail.com,firefighter
855,Tracey,Lucienne,Tracey.Lucienne@yopmail.com,worker
856,Tiffie,Vernier,Tiffie.Vernier@yopmail.com,worker
857,Nollie,Shaddock,Nollie.Shaddock@yopmail.com,police officer
858,Corene,Burch,Corene.Burch@yopmail.com,developer
859,Arabel,Shama,Arabel.Shama@yopmail.com,police officer
860,Kara-Lynn,Shaver,Kara-Lynn.Shaver@yopmail.com,worker
861,Edith,Love,Edith.Love@yopmail.com,doctor
862,Aili,Dawkins,Aili.Dawkins@yopmail.com,doctor
863,Tarra,Chinua,Tarra.Chinua@yopmail.com,firefighter
864,Gerianna,Nerita,Gerianna.Nerita@yopmail.com,doctor
865,Dulce,Phyllis,Dulce.Phyllis@yopmail.com,worker
866,Henriette,Briney,Henriette.Briney@yopmail.com,doctor
867,Silvana,Oscar,Silvana.Oscar@yopmail.com,firefighter
868,Courtnay,Wildermuth,Courtnay.Wildermuth@yopmail.com,firefighter
869,Michaelina,Gherardo,Michaelina.Gherardo@yopmail.com,doctor
870,Fanchon,Emanuel,Fanchon.Emanuel@yopmail.com,police officer
871,Bettine,Bluh,Bettine.Bluh@yopmail.com,police officer
872,Bernardine,Longfellow,Bernardine.Longfellow@yopmail.com,doctor
873,Paulita,Arvo,Paulita.Arvo@yopmail.com,firefighter
874,Lauryn,Anis,Lauryn.Anis@yopmail.com,developer
875,Tami,Carvey,Tami.Carvey@yopmail.com,firefighter
876,Janey,Sabella,Janey.Sabella@yopmail.com,worker
877,Emma,Armanda,Emma.Armanda@yopmail.com,doctor
878,Tybie,Sinegold,Tybie.Sinegold@yopmail.com,doctor
879,Ofilia,Adalbert,Ofilia.Adalbert@yopmail.com,developer
880,Odessa,Bonilla,Odessa.Bonilla@yopmail.com,developer
881,Jsandye,Elo,Jsandye.Elo@yopmail.com,police officer
882,Pierette,Rozanna,Pierette.Rozanna@yopmail.com,developer
883,Lelah,Shuler,Lelah.Shuler@yopmail.com,worker
884,Dode,Lowry,Dode.Lowry@yopmail.com,doctor
885,Althea,Revkah,Althea.Revkah@yopmail.com,police officer
886,Vonny,Francyne,Vonny.Francyne@yopmail.com,doctor
887,Dawn,Brodench,Dawn.Brodench@yopmail.com,developer
888,Fred,Chandler,Fred.Chandler@yopmail.com,doctor
889,Doro,Cynar,Doro.Cynar@yopmail.com,developer
890,Cissiee,Margret,Cissiee.Margret@yopmail.com,worker
891,Binny,Dom,Binny.Dom@yopmail.com,doctor
892,Hannis,Jerold,Hannis.Jerold@yopmail.com,police officer
893,Wynne,Bluh,Wynne.Bluh@yopmail.com,worker
894,Kara-Lynn,Minetta,Kara-Lynn.Minetta@yopmail.com,police officer
895,Orsola,Krystle,Orsola.Krystle@yopmail.com,worker
896,Leia,Hedve,Leia.Hedve@yopmail.com,developer
897,Genovera,Love,Genovera.Love@yopmail.com,doctor
898,Sonni,Jena,Sonni.Jena@yopmail.com,firefighter
899,Daryl,Carleen,Daryl.Carleen@yopmail.com,developer
900,Ruthe,Orlene,Ruthe.Orlene@yopmail.com,police officer
901,Madeleine,Mandler,Madeleine.Mandler@yopmail.com,worker
902,Kenna,Hilbert,Kenna.Hilbert@yopmail.com,worker
903,Hettie,Rosette,Hettie.Rosette@yopmail.com,developer
904,Allis,Marden,Allis.Marden@yopmail.com,developer
905,Teriann,Leary,Teriann.Leary@yopmail.com,worker
906,Claresta,Fontana,Claresta.Fontana@yopmail.com,worker
907,Brynna,Westphal,Brynna.Westphal@yopmail.com,developer
908,Cordi,Idelia,Cordi.Idelia@yopmail.com,doctor
909,Melina,Keily,Melina.Keily@yopmail.com,firefighter
910,Averyl,Kravits,Averyl.Kravits@yopmail.com,developer
911,Benita,Deny,Benita.Deny@yopmail.com,police officer
912,Linzy,Juliet,Linzy.Juliet@yopmail.com,worker
913,Lorie,Marsden,Lorie.Marsden@yopmail.com,developer
914,Gale,Valerio,Gale.Valerio@yopmail.com,firefighter
915,Dennie,Constancy,Dennie.Constancy@yopmail.com,firefighter
916,Berta,Bearnard,Berta.Bearnard@yopmail.com,developer
917,Keelia,Lissi,Keelia.Lissi@yopmail.com,firefighter
918,Kimmy,Revkah,Kimmy.Revkah@yopmail.com,police officer
919,Tonia,Gilbertson,Tonia.Gilbertson@yopmail.com,doctor
920,Rayna,Arquit,Rayna.Arquit@yopmail.com,firefighter
921,Florencia,Mallon,Florencia.Mallon@yopmail.com,worker
922,Adelle,Bouchard,Adelle.Bouchard@yopmail.com,doctor
923,June,Haerr,June.Haerr@yopmail.com,worker
924,Regina,Angelis,Regina.Angelis@yopmail.com,police officer
925,Henriette,Ventre,Henriette.Ventre@yopmail.com,firefighter
926,Wileen,Drisko,Wileen.Drisko@yopmail.com,police officer
927,Rubie,Garbe,Rubie.Garbe@yopmail.com,developer
928,Melodie,Berard,Melodie.Berard@yopmail.com,doctor
929,Shauna,Ephrem,Shauna.Ephrem@yopmail.com,worker
930,Alie,Odell,Alie.Odell@yopmail.com,developer
931,Celisse,Salchunas,Celisse.Salchunas@yopmail.com,developer
932,Leanna,Maurine,Leanna.Maurine@yopmail.com,worker
933,Minne,Billye,Minne.Billye@yopmail.com,doctor
934,Elyssa,Loring,Elyssa.Loring@yopmail.com,doctor
935,Marti,Fabiola,Marti.Fabiola@yopmail.com,police officer
936,Norine,Bonilla,Norine.Bonilla@yopmail.com,developer
937,Sadie,Forrer,Sadie.Forrer@yopmail.com,doctor
938,Frieda,Curren,Frieda.Curren@yopmail.com,firefighter
939,Madeleine,Croix,Madeleine.Croix@yopmail.com,doctor
940,Annice,Leary,Annice.Leary@yopmail.com,worker
941,Margarette,Lea,Margarette.Lea@yopmail.com,police officer
942,Kirstin,Braun,Kirstin.Braun@yopmail.com,developer
943,Nollie,Brandice,Nollie.Brandice@yopmail.com,police officer
944,Lita,Fulmer,Lita.Fulmer@yopmail.com,firefighter
945,Frieda,Mike,Frieda.Mike@yopmail.com,doctor
946,Elora,Letsou,Elora.Letsou@yopmail.com,developer
947,Nonnah,Tice,Nonnah.Tice@yopmail.com,doctor
948,Yetty,Magdalen,Yetty.Magdalen@yopmail.com,developer
949,Consuela,Sherfield,Consuela.Sherfield@yopmail.com,doctor
950,Feliza,Abram,Feliza.Abram@yopmail.com,firefighter
951,Andeee,Genna,Andeee.Genna@yopmail.com,worker
952,Grier,Edison,Grier.Edison@yopmail.com,firefighter
953,Jolyn,Martsen,Jolyn.Martsen@yopmail.com,firefighter
954,Therine,Berard,Therine.Berard@yopmail.com,developer
955,Hope,Bach,Hope.Bach@yopmail.com,firefighter
956,Latisha,Brandice,Latisha.Brandice@yopmail.com,police officer
957,Inga,Ax,Inga.Ax@yopmail.com,worker
958,Aurore,Yuille,Aurore.Yuille@yopmail.com,doctor
959,Cassandra,Boycey,Cassandra.Boycey@yopmail.com,doctor
960,Ellette,Sparhawk,Ellette.Sparhawk@yopmail.com,police officer
961,Ethel,Fiann,Ethel.Fiann@yopmail.com,doctor
962,Daphne,Fosque,Daphne.Fosque@yopmail.com,police officer
963,Magdalena,Quent,Magdalena.Quent@yopmail.com,firefighter
964,Amelia,Ioab,Amelia.Ioab@yopmail.com,police officer
965,Bee,Ariella,Bee.Ariella@yopmail.com,firefighter
966,Emelina,Mehalek,Emelina.Mehalek@yopmail.com,worker
967,Millie,Cullin,Millie.Cullin@yopmail.com,developer
968,Dione,Eugenia,Dione.Eugenia@yopmail.com,worker
969,Gretal,Fredi,Gretal.Fredi@yopmail.com,firefighter
970,Margarette,Iaverne,Margarette.Iaverne@yopmail.com,developer
971,Cathie,Bigner,Cathie.Bigner@yopmail.com,developer
972,Emylee,Dawkins,Emylee.Dawkins@yopmail.com,doctor
973,Marcy,Pascia,Marcy.Pascia@yopmail.com,firefighter
974,Bernie,Pierette,Bernie.Pierette@yopmail.com,developer
975,Farrah,Dominy,Farrah.Dominy@yopmail.com,worker
976,Goldie,Wolfgram,Goldie.Wolfgram@yopmail.com,worker
977,Gui,Arley,Gui.Arley@yopmail.com,doctor
978,Gavrielle,Zuzana,Gavrielle.Zuzana@yopmail.com,firefighter
979,Adelle,Bobbee,Adelle.Bobbee@yopmail.com,doctor
980,Henriette,Behre,Henriette.Behre@yopmail.com,doctor
981,Dagmar,Kinnard,Dagmar.Kinnard@yopmail.com,firefighter
982,Nelle,Hachmin,Nelle.Hachmin@yopmail.com,firefighter
983,Sam,Behre,Sam.Behre@yopmail.com,developer
984,Nickie,Garbe,Nickie.Garbe@yopmail.com,worker
985,Flory,Rogerio,Flory.Rogerio@yopmail.com,developer
986,Tera,Schwejda,Tera.Schwejda@yopmail.com,doctor
987,Hayley,Monaco,Hayley.Monaco@yopmail.com,developer
988,Ketti,Sammons,Ketti.Sammons@yopmail.com,doctor
989,Belva,Miru,Belva.Miru@yopmail.com,police officer
990,June,Leffen,June.Leffen@yopmail.com,worker
991,Lita,Shelba,Lita.Shelba@yopmail.com,police officer
992,Mathilda,Bord,Mathilda.Bord@yopmail.com,developer
993,Mara,Garbe,Mara.Garbe@yopmail.com,worker
994,Joceline,O'Neill,Joceline.O'Neill@yopmail.com,doctor
995,Alex,Engdahl,Alex.Engdahl@yopmail.com,firefighter
996,Benita,Bonucci,Benita.Bonucci@yopmail.com,police officer
997,Kary,Aaberg,Kary.Aaberg@yopmail.com,worker
998,Dorothy,Sparhawk,Dorothy.Sparhawk@yopmail.com,firefighter
999,Vivia,Ophelia,Vivia.Ophelia@yopmail.com,developer
1000,Rivalee,Toffic,Rivalee.Toffic@yopmail.com,developer
1001,Liana,Firmin,Liana.Firmin@yopmail.com,developer
1002,Gwyneth,Alcott,Gwyneth.Alcott@yopmail.com,worker
1003,Patricia,Goerke,Patricia.Goerke@yopmail.com,firefighter
1004,Lyssa,Alabaster,Lyssa.Alabaster@yopmail.com,firefighter
1005,Christian,Estella,Christian.Estella@yopmail.com,firefighter
1006,Jessy,Havens,Jessy.Havens@yopmail.com,developer
1007,Daryl,Truc,Daryl.Truc@yopmail.com,police officer
1008,Damaris,Rosemary,Damaris.Rosemary@yopmail.com,worker
1009,Cristine,Bertold,Cristine.Bertold@yopmail.com,doctor
1010,Anallese,Wittie,Anallese.Wittie@yopmail.com,firefighter
1011,Cristabel,Nerita,Cristabel.Nerita@yopmail.com,worker
1012,Doralynne,Scammon,Doralynne.Scammon@yopmail.com,developer
1013,Marguerite,Myrilla,Marguerite.Myrilla@yopmail.com,police officer
1014,Zaria,Aprile,Zaria.Aprile@yopmail.com,police officer
1015,Janeczka,Rustice,Janeczka.Rustice@yopmail.com,developer
1016,Myriam,Alva,Myriam.Alva@yopmail.com,developer
1017,Hope,Afton,Hope.Afton@yopmail.com,doctor
1018,Gloria,Malvino,Gloria.Malvino@yopmail.com,worker
1019,Christy,Dannye,Christy.Dannye@yopmail.com,developer
1020,Fawne,Wyn,Fawne.Wyn@yopmail.com,worker
1021,Kristan,Edison,Kristan.Edison@yopmail.com,doctor
1022,Sibella,Darian,Sibella.Darian@yopmail.com,doctor
1023,Fernande,Carvey,Fernande.Carvey@yopmail.com,police officer
1024,Aurelie,Thornburg,Aurelie.Thornburg@yopmail.com,firefighter
1025,Linzy,Laverne,Linzy.Laverne@yopmail.com,doctor
1026,Evaleen,Toor,Evaleen.Toor@yopmail.com,doctor
1027,Nerta,Phi,Nerta.Phi@yopmail.com,police officer
1028,Millie,Hanleigh,Millie.Hanleigh@yopmail.com,police officer
1029,Collen,Orelee,Collen.Orelee@yopmail.com,developer
1030,Blake,Astra,Blake.Astra@yopmail.com,worker
1031,Jere,Dash,Jere.Dash@yopmail.com,firefighter
1032,Olwen,Pacorro,Olwen.Pacorro@yopmail.com,police officer
1033,Jenilee,Bury,Jenilee.Bury@yopmail.com,doctor
1034,Agathe,Millda,Agathe.Millda@yopmail.com,police officer
1035,Jennica,Rugen,Jennica.Rugen@yopmail.com,police officer
1036,Tilly,Keelia,Tilly.Keelia@yopmail.com,police officer
1037,Jemie,Beebe,Jemie.Beebe@yopmail.com,worker
1038,Danika,Kunin,Danika.Kunin@yopmail.com,doctor
1039,Paule,Catie,Paule.Catie@yopmail.com,police officer
1040,Helsa,Allina,Helsa.Allina@yopmail.com,doctor
1041,Marcy,Naashom,Marcy.Naashom@yopmail.com,developer
1042,Mady,Joseph,Mady.Joseph@yopmail.com,developer
1043,Reeba,Beniamino,Reeba.Beniamino@yopmail.com,developer
1044,Adelle,Vernier,Adelle.Vernier@yopmail.com,firefighter
1045,Carlie,Suanne,Carlie.Suanne@yopmail.com,developer
1046,Shaine,Shuler,Shaine.Shuler@yopmail.com,developer
1047,Jinny,Azeria,Jinny.Azeria@yopmail.com,police officer
1048,Taffy,Hailee,Taffy.Hailee@yopmail.com,police officer
1049,Genevra,Markman,Genevra.Markman@yopmail.com,doctor
1050,Edith,Zenas,Edith.Zenas@yopmail.com,police officer
1051,Jessamyn,Behre,Jessamyn.Behre@yopmail.com,firefighter
1052,Dode,Baptlsta,Dode.Baptlsta@yopmail.com,worker
1053,Adore,Ariella,Adore.Ariella@yopmail.com,firefighter
1054,Bibby,Muriel,Bibby.Muriel@yopmail.com,doctor
1055,Agathe,Sigfrid,Agathe.Sigfrid@yopmail.com,developer
1056,Anica,Carey,Anica.Carey@yopmail.com,police officer
1057,Nicoli,Arquit,Nicoli.Arquit@yopmail.com,worker
1058,Joy,Pulsifer,Joy.Pulsifer@yopmail.com,developer
1059,Kayla,Philoo,Kayla.Philoo@yopmail.com,developer
1060,Rhoda,Damarra,Rhoda.Damarra@yopmail.com,police officer
1061,Marjie,Krystle,Marjie.Krystle@yopmail.com,police officer
1062,Gui,Geffner,Gui.Geffner@yopmail.com,police officer
1063,Sabina,Merat,Sabina.Merat@yopmail.com,developer
1064,Roslyn,Jena,Roslyn.Jena@yopmail.com,worker
1065,Ardenia,Franza,Ardenia.Franza@yopmail.com,developer
1066,Larine,Carri,Larine.Carri@yopmail.com,developer
1067,Ottilie,Naashom,Ottilie.Naashom@yopmail.com,police officer
1068,Phedra,Drus,Phedra.Drus@yopmail.com,firefighter
1069,Corene,Bergman,Corene.Bergman@yopmail.com,police officer
1070,Lesly,Yorick,Lesly.Yorick@yopmail.com,worker
1071,Aigneis,Bethany,Aigneis.Bethany@yopmail.com,worker
1072,Danika,Cherianne,Danika.Cherianne@yopmail.com,doctor
1073,Annabela,My,Annabela.My@yopmail.com,worker
1074,Jenilee,Prober,Jenilee.Prober@yopmail.com,doctor
1075,Collen,Wind,Collen.Wind@yopmail.com,doctor
1076,Nicoli,Bivins,Nicoli.Bivins@yopmail.com,firefighter
1077,Tani,Simmonds,Tani.Simmonds@yopmail.com,firefighter
1078,Roz,Bord,Roz.Bord@yopmail.com,worker
1079,Dorthy,Christine,Dorthy.Christine@yopmail.com,developer
1080,Albertina,Girardo,Albertina.Girardo@yopmail.com,worker
1081,Brooks,Sparhawk,Brooks.Sparhawk@yopmail.com,police officer
1082,Amalie,Colbert,Amalie.Colbert@yopmail.com,doctor
1083,Judy,Melleta,Judy.Melleta@yopmail.com,firefighter
1084,Evaleen,Cornelia,Evaleen.Cornelia@yopmail.com,firefighter
1085,Janey,Bettine,Janey.Bettine@yopmail.com,firefighter
1086,Raina,Randene,Raina.Randene@yopmail.com,worker
1087,Ursulina,Brittani,Ursulina.Brittani@yopmail.com,firefighter
1088,Aeriela,Letsou,Aeriela.Letsou@yopmail.com,doctor
1089,Chastity,Mullane,Chastity.Mullane@yopmail.com,worker
1090,Melina,Myrilla,Melina.Myrilla@yopmail.com,worker
1091,Ernesta,Doig,Ernesta.Doig@yopmail.com,doctor
1092,Ermengarde,Amasa,Ermengarde.Amasa@yopmail.com,doctor
1093,Shell,Taima,Shell.Taima@yopmail.com,firefighter
1094,Mureil,Karylin,Mureil.Karylin@yopmail.com,developer
1095,Ariela,Lattie,Ariela.Lattie@yopmail.com,firefighter
1096,Quintina,Pulsifer,Quintina.Pulsifer@yopmail.com,doctor
1097,Alexine,Giule,Alexine.Giule@yopmail.com,police officer
1098,Shell,Chrystel,Shell.Chrystel@yopmail.com,doctor
1099,Giustina,Loleta,Giustina.Loleta@yopmail.com,police officer
